{ 
    "figuras":[
        { 
            "Nombre":"Ocho",
            "Drones":[{
                "ID":1,
                "POS":"3,4"
                },
                {
                "ID":2,
                "POS":"7,9"
                }

            ]
        },
        {
            "Nombre": "Nueve",
            "Drones":[{
                "ID":1,
                "POS":"8,9"
                },
                {
                "ID":2,
                "POS":"9,9"
                },
                {
                "ID":3,
                "POS":"10,9"
                },
                {
                "ID":4,
                "POS":"8,10"
                },
                {
                "ID":5,
                "POS":"10,10"
                },
                {
                "ID":6,
                "POS":"8,11"
                },
                {
                "ID":7,
                "POS":"9,11"
                },
                {
                "ID":8,
                "POS":"10,11"
                },
                {
                "ID":9,
                "POS":"0,0"
                },
                {
                "ID":10,
                "POS":"10,12"
                },
                {
                "ID":11,
                "POS":"0,0"
                },
                {
                "ID":12,
                "POS":"0,0"
                },
                {
                "ID":13,
                "POS":"10,13"
                }
            ]
        },
        {
            "Nombre": "Diez",
            "Drones":[{
                "ID":1,
                "POS":"9,10"
                },
                {
                "ID":2,
                "POS":"12,9"
                },
                {
                "ID":3,
                "POS":"10,9"
                },
                {
                "ID":4,
                "POS":"13,9"
                },
                {
                "ID":5,
                "POS":"10,10"
                },
                {
                "ID":6,
                "POS":"14,9"
                },
                {
                "ID":7,
                "POS":"12,10"
                },
                {
                "ID":8,
                "POS":"10,11"
                },
                {
                "ID":9,
                "POS":"14,10"
                },
                {
                "ID":10,
                "POS":"10,12"
                },
                {
                "ID":11,
                "POS":"12,11"
                },
                {
                "ID":12,
                "POS":"14,11"
                },
                {
                "ID":13,
                "POS":"12,12"
                },
                {
                "ID":14,
                "POS":"13,12"
                },
                {
                "ID":15,
                "POS":"14,12"
                }
            ]
        }
    ]  
}

    
