{
    "coord": {
        "lon": -0.5658,
        "lat": 38.1917
    },
    "weather": [
        {
            "id": 800,
            "main": "Clear",
            "description": "clear sky",
            "icon": "01d"
        }
    ],
    "base": "stations",
    "main": {
        "temp": 288.17,
        "feels_like": 287.35,
        "temp_min": 287.57,
        "temp_max": 289.99,
        "pressure": 1033,
        "humidity": 62
    },
    "visibility": 10000,
    "wind": {
        "speed": 2.57,
        "deg": 130
    },
    "clouds": {
        "all": 0
    },
    "dt": 1702915294,
    "sys": {
        "type": 2,
        "id": 2012500,
        "country": "ES",
        "sunrise": 1702883600,
        "sunset": 1702917842
    },
    "timezone": 3600,
    "id": 2511102,
    "name": "Santa Pola",
    "cod": 200
}